var_name,row,col,data
crater_pos,32,2,134.5,332.5,142.5,213.5,313.5,450.5,195.5,290.5,121.5,230.5,409.5,339.5,68.5,218.5,437.5,375.5,469.5,160.5,278.5,127.5,413.5,371.5,283.5,397.5,425.5,349.5,235.5,152.5,265.5,197.5,254.5,143.5,42.5,54.5,73.5,77.5,97.5,110.5,113.5,125.5,133.5,133.5,152.5,158.5,159.5,163.5,191.5,192.5,196.5,200.5,204.5,222.5,232.5,235.5,270.5,271.5,272.5,300.5,302.5,329.5,336.5,369.5,388.5,453.5
crater_peak,32,1,168.20522,271.78563,134.25658,235.154786,219.523719,229.334822,204.551816,307.247598,249.282667,163.670709,177.683828,511.233704,131.422056,227.423446,312.296456,265.558423,149.400353,318.616047,225.62412,421.887337,144.169193,185.391648,367.101617,248.767627,201.372024,135.239586,221.193774,180.220833,141.092808,162.394582,243.256138,150.505006
N_close,1,1,7
deg_limit,1,2,10,170
edge_limit,1,2,0,300
max_dist_groupcenter,1,1,228.747405
