var_name,row,col,data
crater_pos,22,2,157.5,393.5,349.5,296.5,102.5,182.5,440.5,74.5,231.5,303.5,121.5,384.5,162.5,336.5,91.5,336.5,439.5,145.5,323.5,220.5,72.5,148.5,74.5,80.5,88.5,100.5,118.5,121.5,146.5,179.5,182.5,196.5,201.5,248.5,256.5,278.5,304.5,348.5,351.5,363.5,391.5,417.5,425.5,441.5
crater_peak,22,1,1035.11308,831.106741,838.591347,691.333776,1025.5925,654.240241,379.141429,802.519358,1066.95838,467.419306,987.116728,1101.56471,720.658134,738.859794,955.229214,1061.14137,845.761824,505.189199,933.458822,1139.93982,829.059186,765.542647
N_close,1,1,8
deg_limit,1,2,0,180
edge_limit,1,2,0,300
