var_name,row,col,data
crater_pos,29,2,141.5,217.5,339.5,408.5,111.5,67.5,450.5,114.5,106.5,65.5,373.5,398.5,383.5,422.5,313.5,451.5,177.5,374.5,80.5,129.5,419.5,354.5,201.5,59.5,144.5,321.5,366.5,118.5,396.5,42.5,56.5,80.5,80.5,117.5,141.5,143.5,153.5,184.5,195.5,229.5,270.5,306.5,323.5,331.5,360.5,367.5,367.5,371.5,373.5,377.5,396.5,398.5,411.5,412.5,420.5,432.5,450.5,457.5
crater_peak,29,1,166.010319,455.151036,186.03104,223.46736,217.581674,146.183999,173.412665,193.467335,370.115643,205.73537,340.507485,283.381577,209.67284,144.304667,240.560595,219.581438,170.473408,329.616177,166.793752,171.237505,250.447243,398.569236,152.24478,158.051077,212.094193,472.187484,146.233926,187.096981,145.450737
N_close,1,1,7
deg_limit,1,2,10,170
edge_limit,1,2,0,300
max_dist_groupcenter,1,1,228.747405
