var_name,row,col,data
crater_pos,15,2,332.5,313.5,295.5,364.5,182.5,437.5,277.5,241.5,108.5,332.5,284.5,399.5,325.5,253.5,143.5,55.5,98.5,143.5,153.5,174.5,192.5,204.5,206.5,230.5,248.5,271.5,271.5,364.5,388.5,454.5
crater_peak,15,1,371.450897,306.651882,401.049038,428.460939,520.889059,321.409187,269.508429,354.178567,585.853971,363.439562,364.683667,363.154438,458.665951,279.340043,276.803183
N_close,1,1,7
deg_limit,1,2,10,170
edge_limit,1,2,0,300
max_dist_groupcenter,1,1,228.747405
