var_name,row,col,data
crater_pos,37,2,455.5,253.5,98.5,392.5,464.5,354.5,259.5,407.5,450.5,89.5,226.5,156.5,426.5,265.5,91.5,137.5,479.5,316.5,445.5,323.5,189.5,447.5,333.5,130.5,400.5,262.5,381.5,211.5,439.5,292.5,357.5,412.5,263.5,356.5,447.5,299.5,403.5,41.5,65.5,71.5,74.5,75.5,95.5,99.5,112.5,125.5,129.5,139.5,156.5,156.5,158.5,195.5,195.5,201.5,208.5,236.5,257.5,274.5,280.5,287.5,300.5,310.5,330.5,336.5,339.5,350.5,360.5,402.5,405.5,428.5,451.5,457.5,468.5,479.5
crater_peak,37,1,483.311421,207.963249,206.908019,303.145515,267.472445,332.778385,263.915592,262.134329,192.248737,183.380874,234.997094,182.668411,386.147137,380.908421,163.139499,236.672679,220.534454,291.504685,312.235874,263.974497,211.690745,430.619113,199.774713,209.162516,317.746899,257.604511,317.355168,169.055278,181.909136,211.811706,261.307032,315.594671,225.71713,152.992233,233.962057,222.086573,355.754506
N_close,1,1,7
deg_limit,1,2,10,170
edge_limit,1,2,0,300
max_dist_groupcenter,1,1,228.747405
