var_name,row,col,data
crater_pos,33,2,418.5,180.5,127.5,315.5,201.5,429.5,184.5,275.5,217.5,115.5,389.5,321.5,205.5,477.5,416.5,356.5,447.5,151.5,263.5,120.5,393.5,351.5,479.5,268.5,377.5,331.5,222.5,144.5,251.5,186.5,239.5,135.5,279.5,33.5,42.5,56.5,65.5,89.5,117.5,122.5,133.5,141.5,142.5,157.5,163.5,168.5,190.5,194.5,196.5,199.5,204.5,207.5,224.5,234.5,236.5,247.5,269.5,270.5,297.5,299.5,324.5,331.5,362.5,379.5,439.5,471.5
crater_peak,33,1,188.998378,324.125306,149.90942,262.700994,219.275021,223.414562,179.553735,278.786174,153.23035,230.68249,171.810315,486.281686,201.06985,236.667495,303.856938,250.771943,140.469264,301.397511,224.184763,415.126271,132.909641,171.06989,131.955508,356.432414,244.163008,129.317592,211.271235,177.150961,134.173847,150.583582,233.620761,149.122919,635.262755
N_close,1,1,8
deg_limit,1,2,0,180
edge_limit,1,2,0,300
