var_name,row,col,data
crater_pos,34,2,130.5,56.5,267.5,120.5,428.5,163.5,89.5,44.5,316.5,164.5,61.5,251.5,388.5,111.5,360.5,214.5,78.5,436.5,208.5,342.5,276.5,101.5,142.5,466.5,430.5,365.5,139.5,350.5,412.5,196.5,115.5,414.5,285.5,124.5,67.5,77.5,85.5,103.5,120.5,131.5,156.5,176.5,199.5,216.5,217.5,222.5,226.5,233.5,239.5,248.5,253.5,272.5,278.5,279.5,295.5,300.5,300.5,311.5,312.5,334.5,379.5,388.5,388.5,401.5,427.5,429.5,440.5,460.5
crater_peak,34,1,287.125666,238.329264,314.823603,191.923722,372.166325,214.551755,364.809452,125.200173,133.089391,215.176001,339.516031,136.980783,194.955718,155.108177,190.640184,218.561406,117.5809,209.004916,170.42862,286.486381,294.405419,251.825515,94.2589422,200.793905,266.934414,188.652411,106.824872,196.26543,309.603998,184.861503,96.2309601,175.544596,209.975837,119.760549
N_close,1,1,8
deg_limit,1,2,0,180
edge_limit,1,2,0,300
