var_name,row,col,data
crater_pos,18,2,324.5,162.5,213.5,181.5,291.5,142.5,370.5,186.5,83.5,439.5,139.5,178.5,233.5,45.5,338.5,250.5,367.5,241.5,73.5,130.5,148.5,214.5,219.5,227.5,237.5,254.5,270.5,283.5,290.5,295.5,296.5,310.5,310.5,403.5,425.5,465.5
crater_peak,18,1,320.800002,343.083006,351.106331,216.016719,569.583993,226.217424,275.901763,400.337752,282.356449,310.293811,527.544508,317.65267,302.430923,198.811106,718.511423,554.144459,201.445902,400.761297
N_close,1,1,7
deg_limit,1,2,10,170
edge_limit,1,2,0,300
max_dist_groupcenter,1,1,96
