var_name,row,col,data
crater_pos,16,2,332.5,313.5,295.5,364.5,182.5,437.5,277.5,241.5,108.5,332.5,284.5,399.5,325.5,253.5,143.5,312.5,55.5,98.5,143.5,153.5,174.5,192.5,204.5,205.5,230.5,248.5,271.5,271.5,364.5,388.5,454.5,454.5
crater_peak,16,1,265.263898,218.222107,287.88789,306.790596,368.151301,231.788609,194.493791,250.533938,418.66027,257.364883,262.087419,259.591406,323.902876,200.708954,197.306937,255.230541
N_close,1,1,7
deg_limit,1,2,10,170
edge_limit,1,2,0,300
max_dist_groupcenter,1,1,274.496886
