var_name,row,col,data
crater_pos,24,2,390.5,467.5,429.5,384.5,401.5,459.5,425.5,343.5,398.5,379.5,440.5,293.5,450.5,420.5,286.5,41.5,140.5,174.5,464.5,349.5,185.5,332.5,288.5,393.5,55.5,75.5,87.5,100.5,138.5,159.5,179.5,194.5,195.5,228.5,253.5,276.5,285.5,328.5,329.5,330.5,331.5,340.5,344.5,350.5,368.5,390.5,392.5,477.5
crater_peak,24,1,170.948974,423.323424,163.205454,184.811228,208.811841,336.545807,303.981922,207.652695,231.001805,284.906319,203.593453,205.410061,262.433597,242.808788,173.621367,175.793726,167.313324,159.874902,391.773804,185.181492,181.84431,242.07456,154.63744,236.559959
N_close,1,1,7
deg_limit,1,2,10,170
edge_limit,1,2,0,300
max_dist_groupcenter,1,1,228.747405
