var_name,row,col,data
crater_pos,44,2,319.5,249.5,182.5,303.5,237.5,272.5,74.5,176.5,49.5,104.5,449.5,82.5,51.5,259.5,29.5,136.5,397.5,240.5,163.5,417.5,36.5,345.5,314.5,100.5,245.5,191.5,146.5,52.5,107.5,71.5,45.5,220.5,95.5,276.5,49.5,369.5,430.5,463.5,34.5,445.5,60.5,367.5,90.5,330.5,32.5,33.5,34.5,55.5,56.5,73.5,80.5,80.5,83.5,84.5,88.5,98.5,117.5,123.5,128.5,131.5,135.5,145.5,155.5,156.5,159.5,179.5,190.5,191.5,192.5,205.5,216.5,227.5,246.5,251.5,258.5,282.5,286.5,300.5,318.5,344.5,344.5,353.5,355.5,376.5,418.5,423.5,470.5,485.5
crater_peak,44,1,112.950731,102.651656,180.20281,80.96217,181.604505,104.611322,78.8242731,127.239826,158.163817,118.702434,79.25642,87.3938268,169.058251,158.253602,123.40765,264.837397,105.105391,110.430687,124.107975,96.1779466,107.689183,115.722429,93.5376627,233.785687,110.762606,147.384592,144.962155,107.264642,144.13735,114.563416,158.19274,142.773286,119.658438,165.426138,160.599805,313.26463,107.985579,246.406479,101.17294,172.5139,121.68599,121.34539,147.435238,134.687736
N_close,1,1,8
deg_limit,1,2,0,180
edge_limit,1,2,0,300
